index,x,y,dx,dy
0,-115.4209976,35.7986984,0.0200043,0.0085983
1,-115.4020004,35.8036995,0.0189972,0.0135994
2,-115.3830032,35.8096008,0.0189972,0.0195007
3,-115.3659973,35.8166008,0.0170059,0.0265007
4,-115.3519974,35.8250999,0.012001,0.0349998
5,-115.3410034,35.8333015,0.0039978,0.0432014
6,-115.336998,35.8308983,-0.0110016,0.0407982
7,-115.322998,35.8195,-0.0159988,0.0293999
8,-115.3059998,35.8139,-0.0179977,0.0237999
9,-115.2890015,35.8121986,-0.0200043,0.0220985
10,-115.2779999,35.8115005,-0.0289993,0.0214005
11,-115.2580032,35.8012009,-0.0279999,0.0111008
12,-115.2360001,35.7958984,-0.0250015,0.0057983
13,-115.2149963,35.7927017,-0.022995,0.0026016
14,-115.1940002,35.7905998,-0.0210037,0.0004997
15,-115.1729965,35.7891998,-0.0189972,-0.0009003
16,-115.1520004,35.7882004,-0.0169983,-0.0018997
17,-115.1320038,35.7876015,-0.0160065,-0.0024986
18,-115.1119995,35.7873001,-0.0159988,-0.0028
19,-115.0920029,35.7871017,-0.0149994,-0.0029983
20,-115.0719986,35.7868996,-0.0139999,-0.0032005
21,-115.0530014,35.7867012,-0.0139999,-0.0033989
22,-115.0329971,35.786499,-0.0130005,-0.0036011
23,-115.0130005,35.7863007,-0.012001,-0.0037994
24,-114.9940033,35.7859993,-0.012001,-0.0041008
25,-114.973999,35.7858009,-0.0110016,-0.0042992
26,-114.9540024,35.7854996,-0.0110016,-0.0046005
27,-114.9339981,35.7854004,-0.0099945,-0.0046997
28,-114.9150009,35.7853012,-0.0100021,-0.0047989
29,-114.8949966,35.7851982,-0.0089951,-0.0049019
30,-115.4150009,35.8171005,0.026001,0.0084992
31,-115.3939972,35.8237991,0.0270004,0.0151978
32,-115.3740005,35.8325996,0.0279999,0.0239983
33,-115.3560028,35.8440018,0.0270004,0.0354004
34,-115.3479996,35.8434982,0.0159988,0.0348969
35,-115.3420029,35.8418999,0.0029983,0.0332985
36,-115.336998,35.8415985,-0.0110016,0.0329971
37,-115.3310013,35.8420982,-0.0240021,0.0334969
38,-115.3099976,35.8338013,-0.0219955,0.0251999
39,-115.2929993,35.8300018,-0.0240021,0.0214005
40,-115.2839966,35.8249016,-0.034996,0.0163002
41,-115.2649994,35.8176003,-0.034996,0.0089989
42,-115.2399979,35.8123016,-0.0289993,0.0037003
43,-115.2180023,35.8092003,-0.026001,0.0005989
44,-115.1959991,35.8072014,-0.0230026,-0.0014
45,-115.1740036,35.8059998,-0.0200043,-0.0026016
46,-115.1529999,35.8051987,-0.0179977,-0.0034027
47,-115.1330032,35.8049011,-0.0170059,-0.0037003
48,-115.1119995,35.8046989,-0.0159988,-0.0039024
49,-115.0920029,35.8046989,-0.0149994,-0.0039024
50,-115.0719986,35.8046989,-0.0139999,-0.0039024
51,-115.0530014,35.8045998,-0.0139999,-0.0040016
52,-115.0329971,35.8044014,-0.0130005,-0.0042
53,-115.0139999,35.8041992,-0.0130005,-0.0044022
54,-114.9940033,35.8037987,-0.012001,-0.0048027
55,-114.973999,35.8035011,-0.0110016,-0.0051002
56,-114.9540024,35.803299,-0.0110016,-0.0053024
57,-114.9349976,35.8031006,-0.010994,-0.0055008
58,-114.9150009,35.8030014,-0.0100021,-0.0056
59,-114.8949966,35.8028984,-0.0089951,-0.005703
60,-115.4069977,35.8348999,0.0340042,0.0078011
61,-115.3820038,35.8446007,0.0389938,0.0175018
62,-115.3649979,35.8513985,0.0370026,0.0242996
63,-115.3560028,35.850399,0.0270004,0.0233002
64,-115.348999,35.8493996,0.0149994,0.0223007
65,-115.3430023,35.8488007,0.0019989,0.0217018
66,-115.336998,35.8492012,-0.0110016,0.0221024
67,-115.3300018,35.8511009,-0.0230026,0.0240021
68,-115.3150024,35.8504982,-0.0270004,0.0233994
69,-115.3010025,35.8428993,-0.0320053,0.0158005
70,-115.2919998,35.8372002,-0.0429993,0.0101013
71,-115.2689972,35.8316002,-0.0389938,0.0045013
72,-115.2440033,35.8275986,-0.0330048,0.0004997
73,-115.2200012,35.8249016,-0.0279999,-0.0021973
74,-115.1969986,35.8232994,-0.0240021,-0.0037994
75,-115.1750031,35.8223,-0.0210037,-0.0047989
76,-115.1539993,35.8218994,-0.0189972,-0.0051994
77,-115.1330032,35.8218994,-0.0170059,-0.0051994
78,-115.1119995,35.8221016,-0.0159988,-0.0049973
79,-115.0920029,35.8223991,-0.0149994,-0.0046997
80,-115.0719986,35.8226013,-0.0139999,-0.0044975
81,-115.0530014,35.8226013,-0.0139999,-0.0044975
82,-115.0339966,35.8223991,-0.0139999,-0.0046997
83,-115.0139999,35.8221016,-0.0130005,-0.0049973
84,-114.9950027,35.8216019,-0.0130005,-0.005497
85,-114.9749985,35.8212013,-0.012001,-0.0058975
86,-114.9550018,35.8209,-0.012001,-0.0061989
87,-114.9349976,35.8207016,-0.010994,-0.0063973
88,-114.9150009,35.8205986,-0.0100021,-0.0065002
89,-114.8949966,35.8205986,-0.0089951,-0.0065002
90,-115.3909988,35.8515015,0.0500031,0.0059013
91,-115.375,35.8554001,0.0459976,0.0098
92,-115.3659973,35.8557014,0.0360031,0.0101013
93,-115.3570023,35.8554001,0.026001,0.0098
94,-115.3499985,35.8549004,0.0139999,0.0093002
95,-115.3420029,35.8546982,0.0029983,0.0090981
96,-115.3349991,35.8552017,-0.0090027,0.0096016
97,-115.3270035,35.8563004,-0.0200043,0.0107002
98,-115.3180008,35.8569984,-0.0299988,0.0113983
99,-115.3089981,35.8549004,-0.0400009,0.0093002
100,-115.2990036,35.8498001,-0.0500031,0.0042
101,-115.2730026,35.8454018,-0.0429993,-0.0001984
102,-115.2470016,35.8420982,-0.0360031,-0.0035019
103,-115.2220001,35.8400002,-0.0299988,-0.0056
104,-115.1989975,35.8387985,-0.026001,-0.0068016
105,-115.1760025,35.8381996,-0.0220032,-0.0074005
106,-115.1539993,35.8381996,-0.0189972,-0.0074005
107,-115.1320038,35.8386002,-0.0160065,-0.007
108,-115.1119995,35.8394012,-0.0159988,-0.0061989
109,-115.0920029,35.8400993,-0.0149994,-0.0055008
110,-115.0719986,35.8406982,-0.0139999,-0.0049019
111,-115.0530014,35.8409004,-0.0139999,-0.0046997
112,-115.0339966,35.8406982,-0.0139999,-0.0049019
113,-115.0149994,35.8400993,-0.0139999,-0.0055008
114,-114.9950027,35.8394012,-0.0130005,-0.0061989
115,-114.9749985,35.8387985,-0.012001,-0.0068016
116,-114.9550018,35.8384018,-0.012001,-0.0071983
117,-114.9349976,35.8381996,-0.010994,-0.0074005
118,-114.9150009,35.8381004,-0.0100021,-0.0074997
119,-114.8949966,35.8381004,-0.0089951,-0.0074997
120,-115.3860016,35.8571014,0.0550003,-0.0070992
121,-115.3740005,35.8597984,0.0469971,-0.0044022
122,-115.3659973,35.8602982,0.0360031,-0.0039024
123,-115.3580017,35.860199,0.0250015,-0.0040016
124,-115.3499985,35.8600006,0.0139999,-0.0042
125,-115.3420029,35.8600006,0.0029983,-0.0042
126,-115.3339996,35.8602982,-0.0080032,-0.0039024
127,-115.3259964,35.8610001,-0.0189972,-0.0032005
128,-115.3180008,35.8614998,-0.0299988,-0.0027008
129,-115.310997,35.8619003,-0.0419998,-0.0023003
130,-115.3040009,35.8634987,-0.0550003,-0.0007019
131,-115.2789993,35.8591995,-0.048996,-0.0050011
132,-115.25,35.8558006,-0.0390015,-0.0084
133,-115.223999,35.8544006,-0.0319977,-0.0098
134,-115.1999969,35.8538017,-0.0270004,-0.0103989
135,-115.1760025,35.8535004,-0.0220032,-0.0107002
136,-115.1529999,35.8540001,-0.0179977,-0.0102005
137,-115.1309967,35.8550987,-0.0149994,-0.0091019
138,-115.1100006,35.8567009,-0.0139999,-0.0074997
139,-115.0910034,35.8582001,-0.0139999,-0.0060005
140,-115.0719986,35.8591995,-0.0139999,-0.0050011
141,-115.0530014,35.8596001,-0.0139999,-0.0046005
142,-115.0350037,35.8592987,-0.015007,-0.0049019
143,-115.0159988,35.8582993,-0.0149994,-0.0059013
144,-114.9960022,35.8571014,-0.0139999,-0.0070992
145,-114.9759979,35.8562012,-0.0130005,-0.0079994
146,-114.9560013,35.8557014,-0.0130005,-0.0084992
147,-114.9349976,35.8555984,-0.010994,-0.0086021
148,-114.9150009,35.8555984,-0.0100021,-0.0086021
149,-114.8949966,35.8557014,-0.0089951,-0.0084992
150,-115.3850021,35.865799,0.0559998,-0.0169029
151,-115.3730011,35.8655014,0.0479965,-0.0172005
152,-115.3659973,35.8652992,0.0360031,-0.0174026
153,-115.3580017,35.8650017,0.0250015,-0.0177002
154,-115.3499985,35.8647995,0.0139999,-0.0179024
155,-115.3420029,35.8647995,0.0029983,-0.0179024
156,-115.3339996,35.8651009,-0.0080032,-0.017601
157,-115.3249969,35.8656998,-0.0179977,-0.0170021
158,-115.3170013,35.8662987,-0.0289993,-0.0164032
159,-115.3089981,35.8672981,-0.0400009,-0.0154037
160,-115.3000031,35.8688011,-0.0510025,-0.0139008
161,-115.288002,35.8697014,-0.0579987,-0.0130005
162,-115.2519989,35.8679008,-0.0410004,-0.014801
163,-115.223999,35.8684998,-0.0319977,-0.0142021
164,-115.2009964,35.8684006,-0.0279999,-0.0143013
165,-115.1760025,35.8681984,-0.0220032,-0.0145035
166,-115.1520004,35.8692017,-0.0169983,-0.0135002
167,-115.1289978,35.8712997,-0.0130005,-0.0114021
168,-115.1070023,35.8745003,-0.0110016,-0.0082016
169,-115.0879974,35.8769989,-0.010994,-0.005703
170,-115.0709991,35.8787003,-0.0130005,-0.0040016
171,-115.0530014,35.8792992,-0.0139999,-0.0034027
172,-115.0360031,35.8790016,-0.0160065,-0.0037003
173,-115.0189972,35.8769989,-0.0179977,-0.005703
174,-114.9980011,35.8744011,-0.0159988,-0.0083008
175,-114.9769974,35.8731003,-0.0139999,-0.0096016
176,-114.9560013,35.8726997,-0.0130005,-0.0100021
177,-114.9349976,35.8727989,-0.010994,-0.009903
178,-114.9150009,35.8730011,-0.0100021,-0.0097008
179,-114.8949966,35.8731995,-0.0089951,-0.0095024
180,-115.387001,35.8736992,0.0540009,-0.0275002
181,-115.3740005,35.8714981,0.0469971,-0.0297012
182,-115.3669968,35.8707008,0.0350037,-0.0304985
183,-115.3590012,35.8698997,0.0240021,-0.0312996
184,-115.3499985,35.8694,0.0139999,-0.0317993
185,-115.3420029,35.8694,0.0029983,-0.0317993
186,-115.3330002,35.8697014,-0.0070038,-0.031498
187,-115.3239975,35.8703003,-0.0169983,-0.030899
188,-115.3150024,35.8709984,-0.0270004,-0.030201
189,-115.3059998,35.8721008,-0.0370026,-0.0290985
190,-115.2969971,35.8734016,-0.0479965,-0.0277977
191,-115.2870026,35.8746986,-0.0569992,-0.0265007
192,-115.2460022,35.8749008,-0.0350037,-0.0262985
193,-115.2200012,35.8774986,-0.0279999,-0.0237007
194,-115.2020035,35.8797989,-0.029007,-0.0214005
195,-115.1760025,35.8811989,-0.0220032,-0.0200005
196,-115.1490021,35.8838005,-0.0139999,-0.0173988
197,-115.1240005,35.8863983,-0.0080032,-0.014801
198,-115.1009979,35.8916016,-0.0049973,-0.0095978
199,-115.0849991,35.894001,-0.0079956,-0.0071983
200,-115.0690002,35.895401,-0.0110016,-0.0057983
201,-115.0530014,35.8967018,-0.0139999,-0.0044975
202,-115.0390015,35.896801,-0.0190048,-0.0043984
203,-115.026001,35.8945999,-0.0250015,-0.0065994
204,-115.0009995,35.8903008,-0.0189972,-0.0108986
205,-114.9779968,35.8893013,-0.0149994,-0.011898
206,-114.9560013,35.8893013,-0.0130005,-0.011898
207,-114.9349976,35.889801,-0.010994,-0.0113983
208,-114.9150009,35.8903008,-0.0100021,-0.0108986
209,-114.8949966,35.8908005,-0.0089951,-0.0103989
210,-115.3949966,35.8824997,0.0460052,-0.0372009
211,-115.3759995,35.8773003,0.0449982,-0.0424004
212,-115.3690033,35.8759003,0.0329971,-0.0438004
213,-115.3600006,35.8742981,0.0230026,-0.0454025
214,-115.3499985,35.8736992,0.0139999,-0.0460014
215,-115.3410034,35.8739014,0.0039978,-0.0457993
216,-115.3320007,35.8741989,-0.0060043,-0.0455017
217,-115.322998,35.8745003,-0.0159988,-0.0452003
218,-115.314003,35.8751984,-0.026001,-0.0445023
219,-115.3030014,35.8765984,-0.0340042,-0.0431023
220,-115.2939987,35.8779984,-0.0449982,-0.0417023
221,-115.2860031,35.8785019,-0.0559998,-0.0411987
222,-115.2490005,35.8805008,-0.038002,-0.0391998
223,-115.2129974,35.8818016,-0.0209961,-0.037899
224,-115.1930008,35.8851013,-0.0200043,-0.0345993
225,-115.1689987,35.8902016,-0.0149994,-0.0294991
226,-115.1449966,35.8941994,-0.0099945,-0.0255013
227,-115.125,35.8969994,-0.0090027,-0.0227013
228,-115.098999,35.8986015,-0.0029983,-0.0210991
229,-115.0849991,35.899601,-0.0079956,-0.0200996
230,-115.0680008,35.9009018,-0.0100021,-0.0187988
231,-115.0530014,35.902401,-0.0139999,-0.0172997
232,-115.0390015,35.9034996,-0.0190048,-0.016201
233,-115.0289993,35.9037018,-0.0279999,-0.0159988
234,-115.0029984,35.9040985,-0.0209961,-0.0156021
235,-114.9789963,35.9044991,-0.0159988,-0.0152016
236,-114.9560013,35.9053993,-0.0130005,-0.0143013
237,-114.9339981,35.9067001,-0.0099945,-0.0130005
238,-114.9140015,35.9076996,-0.0090027,-0.012001
239,-114.8939972,35.9085007,-0.0079956,-0.0112
240,-115.4020004,35.8945007,0.0390015,-0.0437012
241,-115.3809967,35.885601,0.0400009,-0.0526009
242,-115.3710022,35.8810005,0.0309982,-0.0572014
243,-115.3610001,35.8783989,0.0220032,-0.059803
244,-115.348999,35.8773994,0.0149994,-0.0608025
245,-115.3399963,35.8786011,0.0050049,-0.0596008
246,-115.3320007,35.8792,-0.0060043,-0.0590019
247,-115.3239975,35.8785019,-0.0169983,-0.0597
248,-115.3119965,35.8787994,-0.0239944,-0.0594025
249,-115.3000031,35.8809013,-0.0310059,-0.0573006
250,-115.2900009,35.8834991,-0.0410004,-0.0547028
251,-115.2819977,35.8858986,-0.0519943,-0.0523033
252,-115.2529984,35.8889008,-0.0419998,-0.0493011
253,-115.2099991,35.8875008,-0.0179977,-0.0507011
254,-115.1839981,35.8908005,-0.0110016,-0.0474014
255,-115.163002,35.8944016,-0.0090027,-0.0438004
256,-115.1419983,35.8981018,-0.0069962,-0.0401001
257,-115.1210022,35.9012985,-0.0050049,-0.0369034
258,-115.1009979,35.9031982,-0.0049973,-0.0350037
259,-115.0849991,35.9045982,-0.0079956,-0.0336037
260,-115.0680008,35.9063988,-0.0100021,-0.0318031
261,-115.052002,35.9085999,-0.0130005,-0.0296021
262,-115.038002,35.9109001,-0.0180054,-0.0273018
263,-115.026001,35.9137001,-0.0250015,-0.0245018
264,-115.0039978,35.9179993,-0.0219955,-0.0202026
265,-114.9789963,35.9188004,-0.0159988,-0.0194016
266,-114.9550018,35.9211998,-0.012001,-0.0170021
267,-114.9329987,35.9236984,-0.0089951,-0.0145035
268,-114.913002,35.9255981,-0.0080032,-0.0126038
269,-114.8939972,35.9266014,-0.0079956,-0.0116005
270,-115.4120026,35.9090004,0.0289993,-0.0477982
271,-115.3909988,35.8967018,0.0299988,-0.0600967
272,-115.3769989,35.8899994,0.0250015,-0.0667992
273,-115.362999,35.8852997,0.0200043,-0.0714989
274,-115.348999,35.8835983,0.0149994,-0.0732002
275,-115.336998,35.8847008,0.0080032,-0.0720978
276,-115.3330002,35.8865013,-0.0070038,-0.0702972
277,-115.3249969,35.8848,-0.0179977,-0.0719986
278,-115.310997,35.8847008,-0.022995,-0.0720978
279,-115.2949982,35.8861008,-0.026001,-0.0706978
280,-115.2850037,35.8894997,-0.0360031,-0.0672989
281,-115.276001,35.8916016,-0.0459976,-0.065197
282,-115.2590027,35.8916016,-0.0480042,-0.065197
283,-115.2170029,35.8941994,-0.0250015,-0.0625992
284,-115.1780014,35.8950005,-0.0050049,-0.0617981
285,-115.1559982,35.8992996,-0.0019989,-0.0574989
286,-115.137001,35.9026985,-0.0019989,-0.0541
287,-115.1190033,35.905899,-0.003006,-0.0508995
288,-115.1009979,35.9079018,-0.0049973,-0.0488968
289,-115.0849991,35.9095001,-0.0079956,-0.0472984
290,-115.0670013,35.9115982,-0.0090027,-0.0452003
291,-115.0500031,35.9146996,-0.0110016,-0.042099
292,-115.0350037,35.9180984,-0.015007,-0.0387001
293,-115.0210037,35.9217987,-0.0200043,-0.0349998
294,-115.0049973,35.9257011,-0.022995,-0.0310974
295,-114.9779968,35.9313011,-0.0149994,-0.0254974
296,-114.9509964,35.9366989,-0.0079956,-0.0200996
297,-114.9300003,35.9412994,-0.0059967,-0.0154991
298,-114.9110031,35.9445,-0.0060043,-0.0122986
299,-114.8929977,35.9454994,-0.0069962,-0.0112991
300,-115.4219971,35.9300003,0.0190048,-0.0452995
301,-115.4039993,35.9231987,0.0169983,-0.0521011
302,-115.387001,35.9169998,0.0149994,-0.0583
303,-115.3710022,35.9115982,0.012001,-0.0637016
304,-115.3550034,35.905899,0.0089951,-0.0694008
305,-115.336998,35.8969002,0.0080032,-0.0783997
306,-115.3320007,35.8987999,-0.0060043,-0.0764999
307,-115.3249969,35.901001,-0.0179977,-0.0742989
308,-115.3099976,35.9011993,-0.0219955,-0.0741005
309,-115.2949982,35.9003983,-0.026001,-0.0749016
310,-115.2809982,35.8974991,-0.0319977,-0.0778008
311,-115.276001,35.8960991,-0.0459976,-0.0792007
312,-115.25,35.9025993,-0.0390015,-0.0727005
313,-115.2200012,35.9056015,-0.0279999,-0.0696983
314,-115.1829987,35.9051018,-0.0100021,-0.0701981
315,-115.1470032,35.9054985,0.0069962,-0.0698013
316,-115.1330032,35.9085007,0.0019989,-0.0667992
317,-115.1159973,35.9115982,0,-0.0637016
318,-115.1009979,35.9137001,-0.0049973,-0.0615997
319,-115.0859985,35.9146996,-0.0089951,-0.0606003
320,-115.0660019,35.9163017,-0.0080032,-0.0589981
321,-115.0459976,35.921299,-0.0069962,-0.0540009
322,-115.0319977,35.9253006,-0.012001,-0.0499992
323,-115.0189972,35.9286003,-0.0179977,-0.0466995
324,-115.0029984,35.9320984,-0.0209961,-0.0432014
325,-114.9720001,35.9448013,-0.0090027,-0.0304985
326,-114.9459991,35.9528008,-0.0029983,-0.0224991
327,-114.9229965,35.9604988,0.0010071,-0.014801
328,-114.9079971,35.9662018,-0.0029983,-0.0090981
329,-114.8939972,35.9664001,-0.0079956,-0.0088997
330,-115.4290009,35.9505005,0.012001,-0.0433006
331,-115.4110031,35.9459,0.0099945,-0.0479012
332,-115.3949966,35.9411011,0.0070038,-0.0527
333,-115.3789978,35.9361,0.0040054,-0.0577011
334,-115.362999,35.9300995,0.0009995,-0.0637016
335,-115.3460007,35.9220009,-0.0009995,-0.0718002
336,-115.3330002,35.9146004,-0.0070038,-0.0792007
337,-115.3249969,35.9179001,-0.0179977,-0.075901
338,-115.310997,35.9174004,-0.022995,-0.0764008
339,-115.2959976,35.9160004,-0.0270004,-0.0778008
340,-115.2839966,35.9127998,-0.034996,-0.0810013
341,-115.2679977,35.9151001,-0.0379944,-0.078701
342,-115.2440033,35.9192009,-0.0330048,-0.0746002
343,-115.2180023,35.9216003,-0.026001,-0.0722008
344,-115.189003,35.9221001,-0.0160065,-0.071701
345,-115.1529999,35.9178009,0.0009995,-0.0760002
346,-115.1309967,35.9141006,0.0040054,-0.0797005
347,-115.1119995,35.918499,0.0039978,-0.0753021
348,-115.0999985,35.9210014,-0.0039978,-0.0727997
349,-115.0879974,35.9202995,-0.010994,-0.0735016
350,-115.0619965,35.9263,-0.0039978,-0.0675011
351,-115.0419998,35.9289017,-0.0029983,-0.0648994
352,-115.0270004,35.9328995,-0.0070038,-0.0609016
353,-115.0130005,35.9388008,-0.012001,-0.0550003
354,-114.9860001,35.9556999,-0.0039978,-0.0381012
355,-114.9609985,35.9665985,0.0019989,-0.0272026
356,-114.939003,35.9743004,0.0039978,-0.0195007
357,-114.9150009,35.9807014,0.0090027,-0.0130997
358,-114.9049988,35.9830017,0,-0.0107994
359,-114.8949966,35.9827995,-0.0089951,-0.0110016
360,-115.4329987,35.9710999,0.0080032,-0.0411987
361,-115.4160004,35.9682007,0.0049973,-0.0440979
362,-115.4000015,35.9650002,0.0019989,-0.0472984
363,-115.3850021,35.9609985,-0.0019989,-0.0513
364,-115.3710022,35.9556007,-0.0070038,-0.0566978
365,-115.3550034,35.9477997,-0.0100021,-0.0644989
366,-115.3379974,35.9385986,-0.012001,-0.0737
367,-115.3280029,35.9367981,-0.0210037,-0.0755005
368,-115.314003,35.9338989,-0.026001,-0.0783997
369,-115.2979965,35.9313011,-0.0289993,-0.0809975
370,-115.2829971,35.9309006,-0.0339966,-0.081398
371,-115.2639999,35.9342003,-0.0339966,-0.0780983
372,-115.2399979,35.9373016,-0.0289993,-0.0749969
373,-115.2160034,35.9396019,-0.0240021,-0.0726967
374,-115.1900024,35.9425011,-0.0170059,-0.0697975
375,-115.1620026,35.9420013,-0.0080032,-0.0702972
376,-115.1360016,35.9394989,-0.0009995,-0.0727997
377,-115.1119995,35.9334984,0.0039978,-0.0788002
378,-115.0979996,35.9320984,-0.0019989,-0.0802002
379,-115.0820007,35.9375992,-0.0049973,-0.0746994
380,-115.0569992,35.9440994,0.0009995,-0.0681992
381,-115.0339966,35.9497986,0.0050049,-0.0625
382,-115.012001,35.9584999,0.0079956,-0.0537987
383,-114.987999,35.9735985,0.0130005,-0.0387001
384,-114.9670029,35.9886017,0.0149994,-0.0236969
385,-114.9509964,35.9954987,0.012001,-0.0167999
386,-114.9319992,36.0013008,0.0110016,-0.0109978
387,-114.9140015,36.0009003,0.0100021,-0.0113983
388,-114.9049988,35.9972992,0,-0.0149994
389,-114.8960037,35.9963989,-0.0100021,-0.0158997
390,-115.435997,35.9920006,0.0050049,-0.0387993
391,-115.4199982,35.9911003,0.0009995,-0.0396996
392,-115.4049988,35.9898987,-0.0029983,-0.0409012
393,-115.3919983,35.9877014,-0.0089951,-0.0430984
394,-115.3789978,35.9846992,-0.0149994,-0.0461006
395,-115.3639984,35.9743004,-0.0189972,-0.0564995
396,-115.3470001,35.9644012,-0.0210037,-0.0663986
397,-115.3320007,35.9589005,-0.0250015,-0.0718994
398,-115.3180008,35.9547997,-0.0299988,-0.0760002
399,-115.3000031,35.9519005,-0.0310059,-0.0788994
400,-115.2819977,35.9516983,-0.0329971,-0.0791016
401,-115.2610016,35.953701,-0.0309982,-0.0770988
402,-115.2369995,35.9556999,-0.026001,-0.0750999
403,-115.2129974,35.9576988,-0.0209961,-0.073101
404,-115.189003,35.959301,-0.0160065,-0.0714989
405,-115.1640015,35.9595985,-0.0100021,-0.0712013
406,-115.1399994,35.9584999,-0.0049973,-0.0723
407,-115.1169968,35.9564018,-0.0009995,-0.074398
408,-115.0950012,35.9548988,0.0009995,-0.075901
409,-115.0739975,35.9583015,0.003006,-0.0724983
410,-115.0500031,35.9637985,0.0079956,-0.0670013
411,-115.0240021,35.9710999,0.0149994,-0.0597
412,-114.9960022,35.9842987,0.0239944,-0.0465012
413,-114.9759979,35.9942017,0.0250015,-0.0365982
414,-114.961998,35.9995995,0.0200043,-0.0312004
415,-114.9459991,36.0060005,0.0169983,-0.0247993
416,-114.9300003,36.0105019,0.0130005,-0.020298
417,-114.9169998,36.0115013,0.0070038,-0.0192986
418,-114.9059982,36.0107002,-0.0009995,-0.0200996
419,-114.8960037,36.0103989,-0.0100021,-0.020401
420,-115.435997,36.0127983,0.0050049,-0.0365028
421,-115.4209976,36.0152016,0,-0.0340996
422,-115.4079971,36.0173988,-0.0059967,-0.0319023
423,-115.3970032,36.0140991,-0.0139999,-0.035202
424,-115.387001,36.0071983,-0.0230026,-0.0421028
425,-115.3740005,35.9990997,-0.0289993,-0.0502014
426,-115.3550034,35.9888992,-0.029007,-0.0604019
427,-115.3379974,35.980999,-0.0309982,-0.0683022
428,-115.3219986,35.9762001,-0.0339966,-0.073101
429,-115.302002,35.9733009,-0.0330048,-0.0760002
430,-115.2809982,35.9723015,-0.0319977,-0.0769997
431,-115.2590027,35.9729004,-0.0289993,-0.0764008
432,-115.2350006,35.9743004,-0.0240021,-0.0750008
433,-115.211998,35.9758987,-0.0199966,-0.0734024
434,-115.1880035,35.9768982,-0.015007,-0.072403
435,-115.1640015,35.9776001,-0.0100021,-0.071701
436,-115.1409988,35.9776993,-0.0059967,-0.0716019
437,-115.1179962,35.9771996,-0.0019989,-0.0721016
438,-115.0940018,35.9780006,0.0019989,-0.0713005
439,-115.0699997,35.9804993,0.0070038,-0.0688019
440,-115.0429993,35.9855995,0.0149994,-0.0637016
441,-115.0159988,35.9929008,0.0230026,-0.0564003
442,-114.9869995,36.0018997,0.0329971,-0.0474014
443,-114.973999,36.0038986,0.0270004,-0.0454025
444,-114.9589996,36.0088997,0.0230026,-0.0404015
445,-114.9420013,36.0153999,0.0209961,-0.0339012
446,-114.9280014,36.0195999,0.0149994,-0.0297012
447,-114.9160004,36.021801,0.0080032,-0.0275002
448,-114.9049988,36.0229988,0,-0.0263023
449,-114.8960037,36.0239983,-0.0100021,-0.0253029
450,-115.4329987,36.0329018,0.0080032,-0.0349998
451,-115.4209976,36.0312996,0,-0.036602
452,-115.4110031,36.0284004,-0.0090027,-0.0395012
453,-115.4000015,36.0251007,-0.0169983,-0.0428009
454,-115.3909988,36.0222015,-0.0270004,-0.0457001
455,-115.3799973,36.0214996,-0.034996,-0.046402
456,-115.3649979,36.0147018,-0.0390015,-0.0531998
457,-115.3450012,36.0013008,-0.038002,-0.0666008
458,-115.3249969,35.9956017,-0.0369949,-0.0723
459,-115.3040009,35.9926987,-0.0350037,-0.0752029
460,-115.2809982,35.9915009,-0.0319977,-0.0764008
461,-115.2580032,35.9915009,-0.0279999,-0.0764008
462,-115.2340012,35.9926987,-0.0230026,-0.0752029
463,-115.2099991,35.9947014,-0.0179977,-0.0732002
464,-115.1869965,35.9970016,-0.0139999,-0.0709
465,-115.163002,35.9990005,-0.0090027,-0.0689011
466,-115.1399994,36.0001984,-0.0049973,-0.0677032
467,-115.1179962,36.0009995,-0.0019989,-0.0669022
468,-115.0920029,36.0021019,0.0039978,-0.0657997
469,-115.0660019,36.0046005,0.0110016,-0.0633011
470,-115.0390015,36.0084,0.0189972,-0.0595016
471,-115.0080032,36.0145988,0.0309982,-0.0533028
472,-114.9860001,36.0173988,0.0339966,-0.0505028
473,-114.9690018,36.021801,0.0319977,-0.0461006
474,-114.9540024,36.0257988,0.0279999,-0.0421028
475,-114.9380035,36.0275002,0.0249939,-0.0404015
476,-114.9260025,36.0299988,0.0169983,-0.0379028
477,-114.9140015,36.0329018,0.0100021,-0.0349998
478,-114.9029999,36.0355988,0.0019989,-0.0323029
479,-114.8939972,36.0374985,-0.0079956,-0.0304031
480,-115.4339981,36.0438995,0.0070038,-0.0424995
481,-115.4240036,36.0413017,-0.003006,-0.0450974
482,-115.413002,36.0385017,-0.0110016,-0.0478973
483,-115.4020004,36.0355988,-0.0189972,-0.0508003
484,-115.3919983,36.0334015,-0.0279999,-0.0529976
485,-115.3820038,36.0313988,-0.0370026,-0.0550003
486,-115.3710022,36.0270996,-0.0450058,-0.0592995
487,-115.3519974,36.0191994,-0.0449982,-0.0671997
488,-115.3280029,36.0135002,-0.0400009,-0.0728989
489,-115.3050003,36.0112,-0.0360031,-0.0751991
490,-115.2819977,36.0098991,-0.0329971,-0.0764999
491,-115.2580032,36.0093002,-0.0279999,-0.0770988
492,-115.2320023,36.0105019,-0.0210037,-0.0758972
493,-115.2070007,36.0139008,-0.0149994,-0.0724983
494,-115.1829987,36.0192986,-0.0100021,-0.0671005
495,-115.1600037,36.0229988,-0.0060043,-0.0634003
496,-115.1389999,36.0247993,-0.0039978,-0.0615997
497,-115.1169968,36.0257988,-0.0009995,-0.0606003
498,-115.0899963,36.0271988,0.0060043,-0.0592003
499,-115.0630035,36.0289001,0.0139999,-0.0574989
500,-115.0360031,36.0306015,0.0219955,-0.0557976
501,-115.0080032,36.0323982,0.0309982,-0.0540009
502,-114.9820023,36.037899,0.0379944,-0.0485001
503,-114.9639969,36.0424004,0.0370026,-0.0439987
504,-114.9509964,36.0465012,0.0310059,-0.0398979
505,-114.9380035,36.0457993,0.0249939,-0.0405998
506,-114.9240036,36.0458984,0.0189972,-0.0405006
507,-114.9110031,36.0460014,0.0130005,-0.0403976
508,-114.9000015,36.049099,0.0049973,-0.0373001
509,-114.8909988,36.0523987,-0.0049973,-0.0340004
510,-115.435997,36.0545006,0.0050049,-0.0503998
511,-115.4260025,36.0513,-0.0050049,-0.0536003
512,-115.4150009,36.0485001,-0.0130005,-0.0564003
513,-115.4039993,36.0457001,-0.0209961,-0.0592003
514,-115.3939972,36.0435982,-0.0299988,-0.0613022
515,-115.3840027,36.0419998,-0.0390015,-0.0629005
516,-115.375,36.0401993,-0.0490036,-0.0647011
517,-115.3560028,36.0363998,-0.0490036,-0.0685005
518,-115.3300018,36.0335007,-0.0419998,-0.0713997
519,-115.3059998,36.0320015,-0.0370026,-0.0728989
520,-115.2829971,36.0307007,-0.0339966,-0.0741997
521,-115.2580032,36.0299988,-0.0279999,-0.0749016
522,-115.2310028,36.0309982,-0.0200043,-0.0739021
523,-115.2020035,36.0345993,-0.0100021,-0.0703011
524,-115.1760025,36.0424995,-0.003006,-0.0624008
525,-115.1579971,36.0475006,-0.0039978,-0.0573997
526,-115.137001,36.0503006,-0.0019989,-0.0545998
527,-115.1149979,36.0517998,0.0009995,-0.0531006
528,-115.0879974,36.0531998,0.0080032,-0.0517006
529,-115.0619965,36.0546989,0.015007,-0.0502014
530,-115.0339966,36.0568008,0.0240021,-0.0480995
531,-115.0039978,36.0600014,0.0350037,-0.044899
532,-114.9729996,36.0685005,0.0469971,-0.0363998
533,-114.9609985,36.0681992,0.0400009,-0.0367012
534,-114.9499969,36.0686989,0.0320053,-0.0362015
535,-114.9369965,36.0685005,0.026001,-0.0363998
536,-114.9219971,36.0677986,0.0210037,-0.0371017
537,-114.9100037,36.0679016,0.0139999,-0.0369987
538,-114.8980026,36.0671005,0.0069962,-0.0377998
539,-114.8860016,36.0695992,0,-0.0353012
540,-115.4410019,36.0685005,0,-0.0549011
541,-115.427002,36.0612984,-0.0060043,-0.0621033
542,-115.4169998,36.0583992,-0.0149994,-0.0650024
543,-115.4059982,36.0551987,-0.022995,-0.068203
544,-115.3939972,36.0531998,-0.0299988,-0.0702019
545,-115.3840027,36.0536003,-0.0390015,-0.0698013
546,-115.3759995,36.0559006,-0.0500031,-0.0675011
547,-115.3560028,36.0575981,-0.0490036,-0.0658035
548,-115.3300018,36.0592003,-0.0419998,-0.0642014
549,-115.3069992,36.0596008,-0.038002,-0.0638008
550,-115.2860031,36.0579987,-0.0370026,-0.065403
551,-115.2580032,36.0547981,-0.0279999,-0.0686035
552,-115.2300034,36.0549011,-0.0190048,-0.0685005
553,-115.197998,36.0568008,-0.0059967,-0.0666008
554,-115.1699982,36.0643997,0.0029983,-0.0590019
555,-115.1529999,36.0709,0.0009995,-0.0525017
556,-115.1330032,36.0764008,0.0019989,-0.0470009
557,-115.1139984,36.078701,0.0019989,-0.0447006
558,-115.0859985,36.081501,0.0100021,-0.0419006
559,-115.0599976,36.0826988,0.0170059,-0.0407028
560,-115.0319977,36.0828018,0.026001,-0.0405998
561,-115.0009995,36.0830994,0.038002,-0.0403023
562,-114.973999,36.0828018,0.0459976,-0.0405998
563,-114.9589996,36.085701,0.0419998,-0.0377007
564,-114.9469986,36.0910988,0.0350037,-0.0323029
565,-114.935997,36.0938988,0.0270004,-0.0295029
566,-114.9219971,36.0918007,0.0210037,-0.031601
567,-114.9089966,36.0898018,0.015007,-0.0335999
568,-114.8960037,36.0909004,0.0089951,-0.0325012
569,-114.8809967,36.0940018,0.0050049,-0.0293999
570,-115.4499969,36.0932007,-0.0089951,-0.0486984
571,-115.4349976,36.0844994,-0.0139999,-0.0573997
572,-115.4199982,36.0728989,-0.0179977,-0.0690002
573,-115.4079971,36.0634003,-0.0249939,-0.0784988
574,-115.3929977,36.0623016,-0.0289993,-0.0795975
575,-115.3830032,36.0646019,-0.038002,-0.0772972
576,-115.3730011,36.0685997,-0.0470047,-0.0732994
577,-115.3539963,36.0760002,-0.0469971,-0.0658989
578,-115.3290024,36.0811996,-0.0410004,-0.0606995
579,-115.3069992,36.0833015,-0.038002,-0.0585976
580,-115.2870026,36.0844002,-0.038002,-0.0574989
581,-115.2580032,36.0866013,-0.0279999,-0.0552979
582,-115.2289963,36.0895004,-0.0179977,-0.0523987
583,-115.1949997,36.0928001,-0.0029983,-0.049099
584,-115.1650009,36.0896988,0.0079956,-0.0522003
585,-115.1480026,36.091301,0.0059967,-0.0505981
586,-115.1289978,36.0969009,0.0060043,-0.0449982
587,-115.1080017,36.1063004,0.0079956,-0.0355988
588,-115.0839996,36.1114998,0.012001,-0.0303993
589,-115.0589981,36.1125984,0.0180054,-0.0293007
590,-115.0319977,36.1147995,0.026001,-0.0270996
591,-115.0029984,36.1133995,0.0360031,-0.0284996
592,-114.9749985,36.1086998,0.0449982,-0.0331993
593,-114.9530029,36.1078987,0.0479965,-0.0340004
594,-114.9440002,36.1155014,0.038002,-0.0263977
595,-114.9349976,36.1184006,0.0279999,-0.0234985
596,-114.9229965,36.1170998,0.0200043,-0.0247993
597,-114.9089966,36.1152,0.015007,-0.0266991
598,-114.8939972,36.1150017,0.0110016,-0.0268974
599,-114.8779984,36.1161995,0.0080032,-0.0256996
600,-115.4550018,36.1179008,-0.0139999,-0.0425987
601,-115.4410019,36.1133003,-0.0200043,-0.0471992
602,-115.4290009,36.108799,-0.0270004,-0.0517006
603,-115.4179993,36.1048012,-0.034996,-0.0556984
604,-115.3970032,36.0919991,-0.0330048,-0.0685005
605,-115.3820038,36.0820999,-0.0370026,-0.0783997
606,-115.3700027,36.0824013,-0.0440063,-0.0780983
607,-115.348999,36.0993996,-0.0419998,-0.0611
608,-115.3259964,36.1062012,-0.0379944,-0.0542984
609,-115.3050003,36.1088982,-0.0360031,-0.0516014
610,-115.2829971,36.1130981,-0.0339966,-0.0474014
611,-115.2539978,36.1192017,-0.0239944,-0.0412979
612,-115.223999,36.1248016,-0.0130005,-0.0356979
613,-115.1900024,36.1320992,0.0019989,-0.0284004
614,-115.1579971,36.1436005,0.0149994,-0.0168991
615,-115.1389999,36.151001,0.0149994,-0.0094986
616,-115.1200027,36.1549988,0.0149994,-0.0055008
617,-115.1009979,36.1587982,0.0149994,-0.0017013
618,-115.0810013,36.1596985,0.0149994,-0.0008011
619,-115.0569992,36.1604996,0.0200043,0
620,-115.0309982,36.162899,0.0270004,0.0023994
621,-115.0039978,36.1626015,0.0350037,0.0021019
622,-114.9779968,36.1585999,0.0419998,-0.0018997
623,-114.9560013,36.1492996,0.0449982,-0.0112
624,-114.9440002,36.1428986,0.038002,-0.017601
625,-114.9349976,36.1413994,0.0279999,-0.0191002
626,-114.9240036,36.1417999,0.0189972,-0.0186996
627,-114.9089966,36.1390991,0.015007,-0.0214005
628,-114.8939972,36.1375008,0.0110016,-0.0229988
629,-114.8769989,36.1376991,0.0090027,-0.0228004
630,-115.4580002,36.1422997,-0.0169983,-0.0367012
631,-115.4430008,36.1404991,-0.0220032,-0.0385017
632,-115.4309998,36.1403999,-0.0289993,-0.0386009
633,-115.4179993,36.1446991,-0.034996,-0.0343018
634,-115.4029999,36.151001,-0.0390015,-0.0279999
635,-115.3840027,36.1495018,-0.0390015,-0.0294991
636,-115.3639984,36.1445999,-0.038002,-0.0344009
637,-115.3420029,36.1514015,-0.0350037,-0.0275993
638,-115.3239975,36.1553001,-0.0359955,-0.0237007
639,-115.302002,36.1526985,-0.0330048,-0.0263023
640,-115.2779999,36.1556015,-0.0289993,-0.0233994
641,-115.2490005,36.1613007,-0.0189972,-0.0177002
642,-115.2180023,36.1655006,-0.0070038,-0.0135002
643,-115.1849976,36.1692009,0.0070038,-0.0098
644,-115.1539993,36.1711006,0.0189972,-0.0079002
645,-115.1360016,36.1710014,0.0179977,-0.0079994
646,-115.1169968,36.1739998,0.0180054,-0.0050011
647,-115.0979996,36.1777992,0.0179977,-0.0012016
648,-115.0790024,36.1819992,0.0169983,0.0029983
649,-115.0540009,36.1862984,0.0230026,0.0072975
650,-115.0299988,36.1879997,0.0279999,0.0089989
651,-115.0059967,36.1870995,0.0330048,0.0080986
652,-114.9800034,36.1832008,0.0399933,0.0042
653,-114.9629974,36.1747017,0.038002,-0.0042992
654,-114.947998,36.1655006,0.0340042,-0.0135002
655,-114.935997,36.1613998,0.0270004,-0.017601
656,-114.9240036,36.1601982,0.0189972,-0.0188026
657,-114.9110031,36.1595993,0.0130005,-0.0194016
658,-114.8939972,36.1584015,0.0110016,-0.0205994
659,-114.8769989,36.1585007,0.0090027,-0.0205002
660,-115.4589996,36.1660004,-0.0179977,-0.031498
661,-115.4440002,36.1657982,-0.0230026,-0.0317001
662,-115.4300003,36.1669998,-0.0279999,-0.0304985
663,-115.4150009,36.1705017,-0.0319977,-0.0269966
664,-115.4000015,36.175499,-0.0360031,-0.0219994
665,-115.3830032,36.1805992,-0.038002,-0.0168991
666,-115.3610001,36.1865005,-0.0350037,-0.0109978
667,-115.3399963,36.1853981,-0.0329971,-0.0121002
668,-115.3249969,36.1851997,-0.0369949,-0.0122986
669,-115.3010025,36.1839981,-0.0320053,-0.0135002
670,-115.2740021,36.1856995,-0.0250015,-0.0117989
671,-115.2460022,36.1884003,-0.0159988,-0.0090981
672,-115.2149963,36.1910019,-0.0039978,-0.0064964
673,-115.1839981,36.1912994,0.0080032,-0.0061989
674,-115.1559982,36.1884003,0.0169983,-0.0090981
675,-115.1340027,36.1901016,0.0199966,-0.0073967
676,-115.1149979,36.1926003,0.0200043,-0.0048981
677,-115.0950012,36.1966019,0.0209961,-0.0008965
678,-115.072998,36.2020988,0.0230026,0.0046005
679,-115.052002,36.2058983,0.0250015,0.0084
680,-115.0299988,36.2067986,0.0279999,0.0093002
681,-115.0080032,36.2052002,0.0309982,0.0077019
682,-114.9869995,36.1996994,0.0329971,0.0022011
683,-114.9680023,36.1898003,0.0329971,-0.0076981
684,-114.9520035,36.1823997,0.0299988,-0.0150986
685,-114.9380035,36.1789017,0.0249939,-0.0185966
686,-114.9250031,36.176899,0.0179977,-0.0205994
687,-114.9110031,36.176899,0.0130005,-0.0205994
688,-114.8939972,36.1783981,0.0110016,-0.0191002
689,-114.8759995,36.1789017,0.0100021,-0.0185966
690,-115.4589996,36.1889992,-0.0179977,-0.0270004
691,-115.4440002,36.1894989,-0.0230026,-0.0265007
692,-115.4290009,36.1910019,-0.0270004,-0.0249977
693,-115.413002,36.1938019,-0.0299988,-0.0221977
694,-115.3970032,36.1973,-0.0330048,-0.0186996
695,-115.3799973,36.2006989,-0.034996,-0.0153008
696,-115.3600006,36.2025986,-0.0340042,-0.013401
697,-115.3399963,36.2042007,-0.0329971,-0.0117989
698,-115.3219986,36.2069016,-0.0339966,-0.0090981
699,-115.2990036,36.2131996,-0.0300064,-0.0028
700,-115.2740021,36.2144012,-0.0250015,-0.0015984
701,-115.2440033,36.2141991,-0.0139999,-0.0018005
702,-115.2139969,36.2159996,-0.0029983,0
703,-115.185997,36.2148018,0.0060043,-0.0011978
704,-115.1589966,36.2127991,0.0139999,-0.0032005
705,-115.1340027,36.2089996,0.0199966,-0.007
706,-115.1110001,36.2099991,0.0240021,-0.0060005
707,-115.0910034,36.2140999,0.0249939,-0.0018997
708,-115.0699997,36.2170982,0.026001,0.0010986
709,-115.0500031,36.2195015,0.0270004,0.0035019
710,-115.0309982,36.2195015,0.0270004,0.0035019
711,-115.0090027,36.2167015,0.0299988,0.0007019
712,-114.9919968,36.2131996,0.0279999,-0.0028
713,-114.973999,36.2092018,0.0270004,-0.0067978
714,-114.9560013,36.2042007,0.026001,-0.0117989
715,-114.9400024,36.2002983,0.022995,-0.0157013
716,-114.9260025,36.1987,0.0169983,-0.0172997
717,-114.9100037,36.1987,0.0139999,-0.0172997
718,-114.8929977,36.1990013,0.012001,-0.0169983
719,-114.8759995,36.1991997,0.0100021,-0.0167999
720,-115.4589996,36.2112999,-0.0179977,-0.023201
721,-115.4430008,36.2122002,-0.0220032,-0.0223007
722,-115.427002,36.2136993,-0.0250015,-0.0208015
723,-115.4110031,36.2159996,-0.0279999,-0.0185013
724,-115.3939972,36.2187004,-0.0299988,-0.0158005
725,-115.3779984,36.2215996,-0.0329971,-0.0129013
726,-115.3590012,36.2243996,-0.0330048,-0.0101013
727,-115.3379974,36.2271004,-0.0309982,-0.0074005
728,-115.3180008,36.2304993,-0.0299988,-0.0040016
729,-115.2959976,36.2341995,-0.0270004,-0.0003014
730,-115.2750015,36.2364998,-0.026001,0.0019989
731,-115.2429962,36.2386017,-0.0129929,0.0041008
732,-115.2149963,36.2387009,-0.0039978,0.0042
733,-115.1880035,36.2392998,0.0039978,0.0047989
734,-115.1620026,36.237999,0.010994,0.0034981
735,-115.1360016,36.2358017,0.0179977,0.0013008
736,-115.1100006,36.2336006,0.0250015,-0.0009003
737,-115.0899963,36.2314987,0.026001,-0.0030022
738,-115.0680008,36.2314987,0.0279999,-0.0030022
739,-115.0479965,36.2344017,0.029007,-0.0000992
740,-115.0309982,36.2361984,0.0270004,0.0016975
741,-115.0130005,36.2346992,0.026001,0.0001984
742,-114.9950027,36.2317009,0.0249939,-0.0028
743,-114.9769974,36.2290001,0.0240021,-0.0055008
744,-114.9589996,36.2258987,0.0230026,-0.0086021
745,-114.9430008,36.2230988,0.0199966,-0.0114021
746,-114.927002,36.2210007,0.0159988,-0.0135002
747,-114.9100037,36.2200012,0.0139999,-0.0144997
748,-114.8929977,36.2196007,0.012001,-0.0149002
749,-114.8759995,36.2195015,0.0100021,-0.0149994
750,-115.4580002,36.2330017,-0.0169983,-0.0200996
751,-115.4420013,36.2341003,-0.0210037,-0.019001
752,-115.4250031,36.2355995,-0.0230026,-0.0175018
753,-115.4089966,36.2374992,-0.0259933,-0.0156021
754,-115.3919983,36.2397995,-0.0279999,-0.0133018
755,-115.375,36.2425003,-0.0299988,-0.010601
756,-115.3560028,36.2454987,-0.0300064,-0.0076027
757,-115.3359985,36.2482986,-0.0289993,-0.0048027
758,-115.314003,36.2515984,-0.026001,-0.001503
759,-115.2929993,36.2550011,-0.0240021,0.0018997
760,-115.2720032,36.2574005,-0.0230026,0.0042992
761,-115.2429962,36.2597008,-0.0129929,0.0065994
762,-115.2139969,36.2593994,-0.0029983,0.0062981
763,-115.1880035,36.2593002,0.0039978,0.0061989
764,-115.1620026,36.2597008,0.010994,0.0065994
765,-115.1380005,36.2599983,0.0159988,0.006897
766,-115.1149979,36.2583008,0.0200043,0.0051994
767,-115.0920029,36.2556992,0.0239944,0.0025978
768,-115.0680008,36.2545013,0.0279999,0.0014
769,-115.0449982,36.2540016,0.0320053,0.0009003
770,-115.0309982,36.2540016,0.0270004,0.0009003
771,-115.0149994,36.2536011,0.0240021,0.0004997
772,-114.9970016,36.2514992,0.022995,-0.0016022
773,-114.9789963,36.2490997,0.0220032,-0.0040016
774,-114.961998,36.2472,0.0200043,-0.0059013
775,-114.9449997,36.2445984,0.0179977,-0.008503
776,-114.9280014,36.2421989,0.0149994,-0.0109024
777,-114.9110031,36.2406998,0.0130005,-0.0124016
778,-114.8939972,36.2400017,0.0110016,-0.0130997
779,-114.8759995,36.2396011,0.0100021,-0.0135002
780,-115.4570007,36.2542992,-0.0159988,-0.0172997
781,-115.4410019,36.2555008,-0.0200043,-0.016098
782,-115.4240036,36.2569008,-0.0220032,-0.014698
783,-115.4069977,36.2587013,-0.0239944,-0.0128975
784,-115.3899994,36.260601,-0.026001,-0.0109978
785,-115.3730011,36.2625999,-0.0279999,-0.0089989
786,-115.3550034,36.2644005,-0.029007,-0.0071983
787,-115.3339996,36.2663994,-0.0270004,-0.0051994
788,-115.310997,36.2695999,-0.022995,-0.0019989
789,-115.2900009,36.274601,-0.0210037,0.0030022
790,-115.2669983,36.2807007,-0.0179977,0.0091019
791,-115.2440033,36.2823982,-0.0139999,0.0107994
792,-115.2180023,36.2794991,-0.0070038,0.0079002
793,-115.1880035,36.2771988,0.0039978,0.0056
794,-115.1610031,36.2789001,0.0119934,0.0073013
795,-115.137001,36.280899,0.0169983,0.0093002
796,-115.1159973,36.2825012,0.0190048,0.0109024
797,-115.0930023,36.2826996,0.022995,0.0111008
798,-115.0699997,36.2803993,0.026001,0.0088005
799,-115.0469971,36.2756004,0.0300064,0.0040016
800,-115.0319977,36.2723007,0.026001,0.0007019
801,-115.0159988,36.270401,0.0230026,-0.0011978
802,-114.9990005,36.2689018,0.0209961,-0.002697
803,-114.9810028,36.2672005,0.0199966,-0.0043984
804,-114.9639969,36.2653999,0.0180054,-0.0061989
805,-114.9469986,36.2633018,0.0159988,-0.008297
806,-114.9300003,36.2616997,0.0130005,-0.0098991
807,-114.9120026,36.2607994,0.012001,-0.0107994
808,-114.8939972,36.2599983,0.0110016,-0.0116005
809,-114.8759995,36.2594986,0.0100021,-0.0121002
810,-115.4560013,36.2752991,-0.0149994,-0.014801
811,-115.439003,36.2765007,-0.0180054,-0.0135994
812,-115.4229965,36.2779007,-0.0209961,-0.0121994
813,-115.4059982,36.2795982,-0.022995,-0.0105019
814,-115.3889999,36.2812004,-0.0250015,-0.0088997
815,-115.3710022,36.2826996,-0.026001,-0.0074005
816,-115.3539963,36.2837982,-0.0279999,-0.0063019
817,-115.3339996,36.2837982,-0.0270004,-0.0063019
818,-115.3079987,36.2853012,-0.0199966,-0.0047989
819,-115.2829971,36.2935982,-0.0139999,0.0034981
820,-115.2639999,36.2988014,-0.0149994,0.0087013
821,-115.2470016,36.2989006,-0.0169983,0.0088005
822,-115.2249985,36.2930984,-0.0139999,0.0029983
823,-115.185997,36.2905006,0.0060043,0.0004005
824,-115.1559982,36.2975006,0.0169983,0.0074005
825,-115.1350021,36.3009987,0.0189972,0.0108986
826,-115.1139984,36.3022003,0.0210037,0.0121002
827,-115.0940018,36.3012009,0.0219955,0.0111008
828,-115.072998,36.2986984,0.0230026,0.0085983
829,-115.0530014,36.2939987,0.0240021,0.0038986
830,-115.0350037,36.2901993,0.022995,0.0000992
831,-115.0179977,36.2873001,0.0210037,-0.0028
832,-115,36.2859001,0.0199966,-0.0042
833,-114.9820023,36.2843018,0.0189972,-0.0057983
834,-114.9649963,36.2829018,0.0170059,-0.0071983
835,-114.9489975,36.2826004,0.0139999,-0.0074997
836,-114.9309998,36.2812996,0.012001,-0.0088005
837,-114.913002,36.2804985,0.0110016,-0.0096016
838,-114.8949966,36.2798004,0.0100021,-0.0102997
839,-114.8769989,36.2793007,0.0090027,-0.0107994
840,-115.4550018,36.2960014,-0.0139999,-0.0125999
841,-115.4380035,36.2971992,-0.0170059,-0.0114021
842,-115.4209976,36.2986984,-0.0189972,-0.009903
843,-115.4039993,36.3003006,-0.0209961,-0.0083008
844,-115.387001,36.3019981,-0.0230026,-0.0066032
845,-115.3700027,36.3033981,-0.0250015,-0.0052032
846,-115.3539963,36.3036995,-0.0279999,-0.0049019
847,-115.3359985,36.3017006,-0.0289993,-0.0069008
848,-115.3040009,36.3055,-0.0159988,-0.0031014
849,-115.2750015,36.3139,-0.0060043,0.0052986
850,-115.2610016,36.3175011,-0.012001,0.0088997
851,-115.2480011,36.3193016,-0.0179977,0.0107002
852,-115.2389984,36.3196983,-0.0279999,0.011097
853,-115.1719971,36.3223991,0.0200043,0.0137978
854,-115.1520004,36.3224983,0.0209961,0.0138969
855,-115.1350021,36.3223,0.0189972,0.0136986
856,-115.1149979,36.3204002,0.0200043,0.0117989
857,-115.0960007,36.3184013,0.0199966,0.0098
858,-115.0759964,36.3158989,0.0200043,0.0072975
859,-115.0569992,36.3129005,0.0200043,0.0042992
860,-115.038002,36.3100014,0.0199966,0.0014
861,-115.0199966,36.3074989,0.0190048,-0.0011024
862,-115.0019989,36.3055992,0.0179977,-0.0030022
863,-114.9840012,36.3037987,0.0169983,-0.0048027
864,-114.9660034,36.3019981,0.0159988,-0.0066032
865,-114.9489975,36.3008995,0.0139999,-0.0077019
866,-114.9309998,36.3005981,0.012001,-0.0080032
867,-114.913002,36.3000984,0.0110016,-0.008503
868,-114.8949966,36.2994995,0.0100021,-0.0091019
869,-114.8769989,36.2989006,0.0090027,-0.0097008
870,-115.4540024,36.3163986,-0.0130005,-0.0107002
871,-115.4369965,36.3176994,-0.0159988,-0.0093994
872,-115.4199982,36.3191986,-0.0179977,-0.0079002
873,-115.4020004,36.3209,-0.0189972,-0.0061989
874,-115.3850021,36.3228989,-0.0210037,-0.0042
875,-115.3679962,36.3250008,-0.022995,-0.0020981
876,-115.3529968,36.3265991,-0.0270004,-0.0004997
877,-115.3330002,36.3303986,-0.026001,0.0032997
878,-115.2969971,36.3384018,-0.0089951,0.0113029
879,-115.2720032,36.3378983,-0.003006,0.0107994
880,-115.2580032,36.3381004,-0.0090027,0.0110016
881,-115.2429962,36.3417015,-0.0129929,0.0146027
882,-115.2220001,36.3499985,-0.0110016,0.0228996
883,-115.1849976,36.3535004,0.0070038,0.0264015
884,-115.1569977,36.3464012,0.0159988,0.0193024
885,-115.137001,36.3417015,0.0169983,0.0146027
886,-115.1179962,36.3389015,0.0170059,0.0118027
887,-115.0979996,36.3363991,0.0179977,0.0093002
888,-115.0790024,36.3339996,0.0169983,0.0069008
889,-115.0589981,36.3316002,0.0180054,0.0045013
890,-115.0400009,36.3292007,0.0179977,0.0021019
891,-115.0220032,36.3269997,0.0169983,-0.0000992
892,-115.0029984,36.3250999,0.0169983,-0.0019989
893,-114.9850006,36.3235016,0.0159988,-0.0035973
894,-114.9670029,36.3219986,0.0149994,-0.0051002
895,-114.9489975,36.3209,0.0139999,-0.0061989
896,-114.9319992,36.3202019,0.0110016,-0.006897
897,-114.9140015,36.3195992,0.0100021,-0.0074997
898,-114.8960037,36.3190002,0.0089951,-0.0080986
899,-114.8779984,36.3185005,0.0080032,-0.0085983
